User Name,Tweet ID,Tweet
,1142009212664500224,RT @taehyungdaisies: GIVE NAMGI A GRAMMY RN SOTY #AllNightOutNow https://t.co/Vm60Iw8fC1
,1142009212601622528,"RT @Randomsplashes: ""come to my studio, magic happens"" #AllNightOutNow https://t.co/I6CkWLQJpY"
,1142009212110802944,"RT @MicheBangtan: Juice WRLD had the best feature of this soundtrack imo, it‚Äôs so true to his sound while Namjoon and Yoongi are still true‚Ä¶"
,1142009212014383105,"I CANT STOP REPLAYING ALL NIGHT 
SUCH A BANGER
#BTS #AllNightOutNow 
@BTS_twt #ALLNIGHT
#SUGA #RM #JUICEWRLD‚Ä¶ https://t.co/VThSTWx2dN"
,1142009211787677696,RT @lovefoundbts: @btschartdata @BTS_twt KEEP ON FORGETTING THIS TRACK IS FOR A GAME #ALLNIGHTOutNow @BTS_twt https://t.co/m3qCtwjIyy
,1142009211712204800,"RT @sopeciety: wHEN Y'ALL THOUGHT JOON STUTTERING IN DDAENG WAS ALREADY HOT,, HERE'S YOONGI STUTTERING IN ALL NIGHT OH LORD

#AllNightOutNo‚Ä¶"
,1142009211674681344,RT @koyasdreamz: ITS ALREADY ON THE CHARTS HA #AllNightOutNow https://t.co/oWianwvERD
,1142009211204718592,"RT @loveyanochu: i wonder what kind of magic happens in joon‚Äôs studio 

#AllNightOutNow @BTS_twt"
,1142009211150163968,"RT @ilsansqueen: ALL NIGHT IS OUT NOW
ALL NIGHT IS OUT NOW
ALL NIGHT IS OUT NOW
ALL NIGHT IS OUT NOW
ALL NIGHT IS OUT NOW
ALL NIGHT IS OUT‚Ä¶"
,1142009211120836619,"RT @listenbts: #AllNightOutNow

juice wrld: ""aye she calls me charming need an army""

army: https://t.co/qIXwRldJxJ"
,1142009210902761474,"Yoongi didn't have to go this hard üò≠

#AllNightOutNow @BTS_twt https://t.co/ayNmQ9pzeh"
,1142009210705547264,#AllNightOutNow lma fuck it imma go and listen to the song
,1142009209845878785,RT @BangtanINDIA: 'All Night'  by @BTS_twt RM + Suga and Juice WRLD has now been added to New Music Friday India playlist by Spotify on #3‚Ä¶
,1142009209715748865,"RT @btsvotingteam01: All Night is now available to stream on Spotify

#AllNightOutNow
#RMxSuga

Also don‚Äôt forget to vote! 

#KCAMexico #AR‚Ä¶"
,1142009209296478208,"RT @scenerycyj: namjoon: come to my studio magic happens #AllNightOutNow

me: 
 https://t.co/ERb5r3YopZ"
,1142009209199796226,"RT @btsdailystats: üìä Songs with the Most Music Show Wins üèÜ

#1 - BTS ""Boy with Luv"" = 20 üéâüéâ
#1 - PSY ""Gangnam style"" = 20
#3 - Eco ""Call me‚Ä¶"
,1142009208830693377,"RT @lmaobts: MOOD ALL YEAR
#AllNightoutnow https://t.co/IOGW1h9odH"
,1142009208381960193,"This unique Jacket is made of High Quality Genuine Sheep Skin Leather.
Mark Field #BringYourDogToWorkDay‚Ä¶ https://t.co/XEVTmbvwN2"
,1142009207966666752,"""sometimes there will be so much more jealousy and arguments than the footprints of the people who walked before on‚Ä¶ https://t.co/wB1DOOnL5i"
,1142009207937490944,Yoongi's verse SNAPPED once again #AllNightOutNow
,1142009207408828416,RT @btsanalytics: All available streaming &amp; purchasing platforms for 'All Night' by @BTS_twt's RM x SUGA with Juice WRLD are updated below!‚Ä¶
,1142009207228682240,Oh my God I was a bit busy and look I just listen to All night and suga and RM singing üò±üò±üò± OMG they rock it‚Ä¶ https://t.co/hzthXDECtu
,1142009207203540992,"RT @btschartdata: new updated Spotify streaming playlist!

#AllNightOutNow https://t.co/XiZzRPKr8Y"
,1142009206150746112,"RT @Randomsplashes: ""come to my studio, magic happens"" #AllNightOutNow https://t.co/I6CkWLQJpY"
,1142009206096171008,RT @sorafirstlove: Congrats to BTS for winning their 20th trophy for ‚ÄòBoy With Luv‚Äô becoming the most awarded song on K-music shows along w‚Ä¶
,1142009205982760960,"RT @congenialjimin: YALL JUNGKOOK SAID STREAM ALL NIGHT ALL NIGHT

#AllNightOutNow #RMxSUGA https://t.co/2tnWRduxt7"
,1142009205378965505,"RT @btschartdata: new updated Spotify streaming playlist!

#AllNightOutNow https://t.co/XiZzRPKr8Y"
,1142009205043453952,"RT @beemyhope_: JINMINKOOK ‚Äî DREAM GLOW 

VOPE ‚Äî A BRAND NEW DAY 

NAMGI ‚Äî ALL NIGHT 

....THESE THREE JUST MF OUTSOLD THE MUSIC INDUSTRY A‚Ä¶"
,1142009204569444352,"RT @ggukreum: the ""bangtan"" in the back after yoongi's line about people asking who the number one singers are,, #AllNightOutNow https://t.‚Ä¶"
,1142009203583643648,"RT @BTS_Billboard: [ARMY TRENDS üìä]

#AllNightOutNow, #ALLNIGHTisCOMING and #RMXSUGA are trending #1, #2 and #4 after the release of BTS WOR‚Ä¶"
,1142009203537539072,"[LINKS] ""ALL RIGHT"" by RM &amp; SUGA feat. Juice WRLD
Youtube: (https://t.co/x7v2fXGNBx)
Spotify: (‚Ä¶ https://t.co/8RUNTXVoAv"
,1142009203424407552,"RT @ggukreum: the ""bangtan"" in the back after yoongi's line about people asking who the number one singers are,, #AllNightOutNow https://t.‚Ä¶"
,1142009203390865408,"RT @laurendup_: 4 out of the 5 top ww trends, are bts related. nobody is doing it like them üíú
@BTS_twt #AllNightOutNow #BoyWithLuv20thWin #‚Ä¶"
,1142009202753150976,"RT @thetaempter: YOONGI LOW KEY RAPPING UP FACTS AND WHISLT ASKING U TO NEVER LET GO?????

#AllNightOutNow #RMxSUGA https://t.co/jhDsLJigfI"
,1142009202476384257,"RT @pjmluvzbot: The holy trinity that saves the music industry 

#AllNightOutNow https://t.co/TLyUHFXgll"
,1142009202056949761,"RT @ggukreum: the ""bangtan"" in the back after yoongi's line about people asking who the number one singers are,, #AllNightOutNow https://t.‚Ä¶"
,1142009202027761664,RT @jeonremedy: me for the next 134340 years  #AllNightOutNow https://t.co/bmBJTAe2Jh
,1142009201390051329,RT @dihtnybts: #AllNightOutNow All night - Lyrics https://t.co/QJaRpf3u5w
,1142009201310326784,"Give Me Caption‚ù§Ô∏è
#AllNightOutNow #AllNightisComing #BoyWithLuv20thWin #RMxSUGA https://t.co/pgGXxAVH6L"
,1142009200777629698,"RT @btsdailystats: üìä Songs with the Most Music Show Wins üèÜ

#1 - BTS ""Boy with Luv"" = 20 üéâüéâ
#1 - PSY ""Gangnam style"" = 20
#3 - Eco ""Call me‚Ä¶"
,1142009200551161856,RT @ikran: all night all night all night all night all night all night all night all night all night all night all night all night all nigh‚Ä¶
,1142009200408588290,"RT @armyvotingcrew: It's a great day today! @BTS_twt

#BoyWithLuv20thWin
#AllNightOutNow"
,1142009199402110976,"RT @btsanalytics: 'All Night' by @BTS_twt RM x SUGA with Juice WRLD is available to stream on Spotify!

#AllNightOutNow!

https://t.co/14Mw‚Ä¶"
,1142009199003500544,"It's now complete!

JinJiKook #DreamGlow
VOpe #ABrandNewDay
NamGi #AllNight 
#AllNightOutNow 
@BTS_twt https://t.co/MV9QbeEk2b"
,1142009198986682369,i knew namgi wouldnt disappoint !!! #AllNightOutNow
,1142009198948974592,RT @beemyhope_: THE TRANSITION FROM NAMJOON TO YOONGI. ALL NIGHT IS REALLY THAT SONG. PERIOD. #AllNightOutNow https://t.co/d5xISyZH69
,1142009198802296832,RT @chimmycooky2005: They just released Namgi song and BTS won their 20th trophy for Boy With Luv and OFFICIALLY becoming  THE ARTIST WITH‚Ä¶
,1142009198453985281,"RT @giggleyoon: no one:

juice wrld when meeting namgi:
#AllNightOutNow
 https://t.co/O1WH9f1sXQ"
,1142009198131187714,"RT @BTSmallows99: Dream Glow - finding out what you your dream is.

A Brand New Day - hoping your dreams will come true.

All Night - just‚Ä¶"
,1142009197585764352,"RT @btsworIdwide: üåé BTS Worldwide Trends
#1. #ALLNIGHTisCOMING 
#2. #AllNightOutNow
#3. #BoyWithLuv20thWin
#7. #RMxSuga
#9. ‚ÄúNamgi‚Äù
BTS Wor‚Ä¶"
,1142009197309104128,"RT @BTS_ARMY: Top 1-4 worldwide trends! 

#AllNightOutNow #BoyWithLuv20thWin #ALLNIGHTisCOMING #RMxSUGA @BTS_twt @bts_bighit @BigHitEnt htt‚Ä¶"
,1142009197275389953,"RT @taekookmemories: NAMGI'S VOCALS. THAT'S IT. THIS IS THE TWEET.
#AllNightOutNow #RMxSUGA
 https://t.co/OIvf8R16WK"
,1142009196193427456,"RT @beemyhope_: ‚Äúcome to my studio magic happens‚Äù 

ME: #AllNightOutNow https://t.co/0tJ7vwyChG"
,1142009196172521472,"RT @btsanalytics: #AllNightOutNow, #ALLNIGHTisComing &amp; #RMxSUGA trend worldwide following BTS WORLD OST Pt.3 'All Night' by RM x SUGA with‚Ä¶"
,1142009196159934464,"RT @emma_withluv: this verse deserves a Grammy all on its own let‚Äôs be fucking honest. 
wig SNATCHED 
#AllNightOutNow #ALLNIGHTisCOMING htt‚Ä¶"
,1142009195975389184,"RT @listenbts: yoongi's stutter rap got me like

#AllNightOutNow https://t.co/8uZ2SmhELW"
,1142009195941658625,I KEEP HEARING ONAY SHET #AllNightOutNow
,1142009195929178112,"What a coincidence i drew mono. on the blackboard of my class just today „Öã„Öã„Öã„Öã

ARMY fighting!üíú
#AllNightOutNow‚Ä¶ https://t.co/FfyE61x3EJ"
,1142009195618799616,"RT @angeljlmin_: KEEP STREAMING 'ALL NIGHT' THE SONG SLAPS 

#AllNightoutnow 
https://t.co/WMN6BpM86r"
,1142009195560165376,Ok but Yoongi's voice üëåüèº #AllNightOutNow
,1142009195442532353,"Another bop. But we already knew that it would be. Oooffff. üòå

#AllNightOutNow
#RMxSUGA
#RMxSUGAxJuiceWRLD"
,1142009195429953536,RT @Sarahi229: The tl right now  #AllNightOutNow https://t.co/HliNUbLWPx
,1142009195350224896,RT @beemyhope_: THE TRANSITION FROM NAMJOON TO YOONGI. ALL NIGHT IS REALLY THAT SONG. PERIOD. #AllNightOutNow https://t.co/d5xISyZH69
,1142009195165708290,"RT @boiiserendipity: THIS THREE MASTERPIECE IS NOW FINALLY COMPLETE!!!!

#ALLNIGHTisCOMING 
#AllNightOutNow https://t.co/zWbVyf2J26"
,1142009195086135297,"RT @SPOTLIGHTBTS: [trans] 
ALL NIGHT lyrics 
@BTS_twt 
#AllNightOutNow #ALLNIGHTisComing
 #RMxSUGA https://t.co/XvWrsYTVCX"
,1142009194838679553,Yoongi GO OFF baby. Also he said that GRAMMY is coming. Watch it. #AllNightoutnow https://t.co/LGgGebiKYK
,1142009193697669121,"RT @btsanalytics: 'All Night' by @BTS_twt RM x SUGA with Juice WRLD is available to stream on Spotify!

#AllNightOutNow!

https://t.co/14Mw‚Ä¶"
,1142009193571840000,"RT @btsanalytics: Drop your streaming / purchasing screenshots of 'All Night' by @BTS_twt x Juice WRLD below to celebrate the release! 

#A‚Ä¶"
